{
    "value0": {
        "T_imu_cam": [
            {
                "px": 0.21,
                "py": 0.045,
                "pz": 0.08,
                "qx": 0.6100826718034236,
                "qy": -0.604081858638144,
                "qz": 0.36304919649941436,
                "qw": -0.3620490609718678
            }
        ],
        "intrinsics": [
            {
                "camera_type": "pinhole",
                "intrinsics": {
                    "fx": 868.246,
                    "fy": 868.246,
                    "cx": 515.5,
                    "cy": 385.5
                }
            }
        ],
        "resolution": [
            [
                1032,
                772
            ]
        ],
        "main_cam_idx": [0],
        "stereo_pairs": [],
        "cam_update_rate": 14.0,
        "calib_accel_bias": [
            -0.0011791549110128743,
            -0.007714616665106584,
            0.00006733124206236036,
            0.0,
            0.0,
            0.0,
            0.0,
            0.0,
            0.0
        ],
        "calib_gyro_bias": [
            -0.00007403817898158015,
            0.0000024090695654577384,
            -0.00001847724206614636,
            0.0,
            0.0,
            0.0,
            0.0,
            0.0,
            0.0,
            0.0,
            0.0,
            0.0
        ],
        "imu_update_rate": 100.0,
        "accel_noise_std": [0.0015696, 0.0015696, 0.0015696],
        "gyro_noise_std": [0.000349066, 0.000349066, 0.000349066],
        "accel_bias_std": [0.001, 0.001, 0.001],
        "gyro_bias_std": [0.0001, 0.0001, 0.0001],
        "cam_time_offset_ns": 0,
        "vignette": []
    }
}
