{
    "value0": {
        "T_imu_cam": [
            {
                "px": 0.04548094812071685,
                "py": -0.07145370002838907,
                "pz": -0.046315428444919249,
                "qx": -0.013392900690257393,
                "qy": -0.6945866755293793,
                "qz": 0.7192437840259219,
                "qw": 0.007639340823570553
            }
        ],
        "intrinsics": [
            {
                "camera_type": "ds",
                "intrinsics": {
                    "fx": 158.28600034966977,
                    "fy": 158.2743455478755,
                    "cx": 254.96116578191653,
                    "cy": 256.8894394501779,
                    "xi": -0.17213086034353243,
                    "alpha": 0.5931177593944744
                }
            }
        ],
        "resolution": [
            [
                512,
                512
            ]
        ],
        "main_cam_idx": [0],
        "stereo_pairs": [],
        "cam_update_rate": 20.0,
        "calib_accel_bias": [
            -0.0011791549110128743,
            -0.007714616665106584,
            0.00006733124206236036,
            0.0,
            0.0,
            0.0,
            0.0,
            0.0,
            0.0
        ],
        "calib_gyro_bias": [
            -0.00007403817898158015,
            0.0000024090695654577384,
            -0.00001847724206614636,
            0.0,
            0.0,
            0.0,
            0.0,
            0.0,
            0.0,
            0.0,
            0.0,
            0.0
        ],
        "imu_update_rate": 200.0,
        "accel_noise_std": [0.016, 0.016, 0.016],
        "gyro_noise_std": [0.000282, 0.000282, 0.000282],
        "accel_bias_std": [0.001, 0.001, 0.001],
        "gyro_bias_std": [0.0001, 0.0001, 0.0001],
        "T_mocap_world": {
            "px": 0.0,
            "py": 0.0,
            "pz": 0.0,
            "qx": 0.0,
            "qy": 0.0,
            "qz": 0.0,
            "qw": 1.0
        },
        "T_imu_marker": {
            "px": 0.0,
            "py": 0.0,
            "pz": 0.0,
            "qx": 0.0,
            "qy": 0.0,
            "qz": 0.0,
            "qw": 1.0
        },
        "mocap_time_offset_ns": 0,
        "mocap_to_imu_offset_ns": 0,
        "cam_time_offset_ns": 0,
        "vignette": [
            {
                "value0": 0,
                "value1": 10000000000,
                "value2": [
                    [
                        0.9899372881888493
                    ],
                    [
                        0.9931178795891834
                    ],
                    [
                        0.9984407803536122
                    ],
                    [
                        0.996964178110498
                    ],
                    [
                        0.9956605833036875
                    ],
                    [
                        0.9973489553595134
                    ],
                    [
                        0.9985691891331739
                    ],
                    [
                        1.0
                    ],
                    [
                        0.9966866746094087
                    ],
                    [
                        0.9958706368580655
                    ],
                    [
                        0.9957807702286541
                    ],
                    [
                        0.9927911027519979
                    ],
                    [
                        0.9838733297580375
                    ],
                    [
                        0.9719198145611155
                    ],
                    [
                        0.9566058020047663
                    ],
                    [
                        0.9378032130699772
                    ],
                    [
                        0.9194004905192558
                    ],
                    [
                        0.9024065312353705
                    ],
                    [
                        0.8845584821495792
                    ],
                    [
                        0.8624817202873822
                    ],
                    [
                        0.8449163722596605
                    ],
                    [
                        0.8239771250783265
                    ],
                    [
                        0.802936456716557
                    ],
                    [
                        0.7811632337206126
                    ],
                    [
                        0.758539495055499
                    ],
                    [
                        0.7341063700839284
                    ],
                    [
                        0.7100276770866111
                    ],
                    [
                        0.6874554816035845
                    ],
                    [
                        0.6641863547515791
                    ],
                    [
                        0.6412571843680321
                    ],
                    [
                        0.6228323769487529
                    ],
                    [
                        0.6030940673078892
                    ],
                    [
                        0.5598212055840929
                    ],
                    [
                        0.4377741720108287
                    ],
                    [
                        0.24026566347390075
                    ],
                    [
                        0.08222347033252997
                    ],
                    [
                        0.03489917830551274
                    ],
                    [
                        0.029153547460757366
                    ],
                    [
                        0.030477276736751079
                    ],
                    [
                        0.01
                    ],
                    [
                        0.01
                    ],
                    [
                        0.01
                    ],
                    [
                        0.01
                    ]
                ]
            }
        ]
    }
}
